type, control_qubit, target_qubit, time_in_sec
ComplexDP, 0, 0, 0
ComplexDP, 0, 1, 0.666579
ComplexDP, 0, 2, 0.66766
ComplexDP, 0, 3, 0.659504
ComplexDP, 0, 4, 0.665685
ComplexDP, 0, 5, 0.673592
ComplexDP, 0, 6, 0.666702
ComplexDP, 0, 7, 0.663978
ComplexDP, 0, 8, 0.677558
ComplexDP, 0, 9, 0.695122
ComplexDP, 0, 10, 0.68155
ComplexDP, 0, 11, 0.687191
ComplexDP, 0, 12, 0.689775
ComplexDP, 0, 13, 0.691394
ComplexDP, 0, 14, 0.692468
ComplexDP, 0, 15, 0.693175
ComplexDP, 0, 16, 0.693265
ComplexDP, 0, 17, 0.692286
ComplexDP, 0, 18, 0.692063
ComplexDP, 0, 19, 0.691736
ComplexDP, 0, 20, 0.69089
ComplexDP, 0, 21, 0.69096
ComplexDP, 0, 22, 0.691421
ComplexDP, 0, 23, 0.691962
ComplexDP, 0, 24, 0.69293
ComplexDP, 0, 25, 0.69179
ComplexDP, 0, 26, 0.692449
ComplexDP, 0, 27, 0.69357
ComplexDP, 0, 28, 0.695873
ComplexDP, 1, 0, 0.666614
ComplexDP, 1, 1, 3.97364e-07
ComplexDP, 1, 2, 0.684444
ComplexDP, 1, 3, 0.663637
ComplexDP, 1, 4, 0.666369
ComplexDP, 1, 5, 0.66875
ComplexDP, 1, 6, 0.669333
ComplexDP, 1, 7, 0.668953
ComplexDP, 1, 8, 0.674787
ComplexDP, 1, 9, 0.672909
ComplexDP, 1, 10, 0.67826
ComplexDP, 1, 11, 0.681758
ComplexDP, 1, 12, 0.687384
ComplexDP, 1, 13, 0.688737
ComplexDP, 1, 14, 0.686677
ComplexDP, 1, 15, 0.686552
ComplexDP, 1, 16, 0.684073
ComplexDP, 1, 17, 0.68639
ComplexDP, 1, 18, 0.6872
ComplexDP, 1, 19, 0.686122
ComplexDP, 1, 20, 0.687888
ComplexDP, 1, 21, 0.687276
ComplexDP, 1, 22, 0.701094
ComplexDP, 1, 23, 0.686682
ComplexDP, 1, 24, 0.686829
ComplexDP, 1, 25, 0.685068
ComplexDP, 1, 26, 0.687834
ComplexDP, 1, 27, 0.685611
ComplexDP, 1, 28, 0.685867
ComplexDP, 2, 0, 0.49148
ComplexDP, 2, 1, 0.490611
ComplexDP, 2, 2, 0
ComplexDP, 2, 3, 0.494325
ComplexDP, 2, 4, 0.488603
ComplexDP, 2, 5, 0.495349
ComplexDP, 2, 6, 0.492268
ComplexDP, 2, 7, 0.49469
ComplexDP, 2, 8, 0.490153
ComplexDP, 2, 9, 0.484997
ComplexDP, 2, 10, 0.488125
ComplexDP, 2, 11, 0.492719
ComplexDP, 2, 12, 0.498025
ComplexDP, 2, 13, 0.490427
ComplexDP, 2, 14, 0.493019
ComplexDP, 2, 15, 0.493021
ComplexDP, 2, 16, 0.506568
ComplexDP, 2, 17, 0.491926
ComplexDP, 2, 18, 0.497035
ComplexDP, 2, 19, 0.491356
ComplexDP, 2, 20, 0.490418
ComplexDP, 2, 21, 0.491298
ComplexDP, 2, 22, 0.492708
ComplexDP, 2, 23, 0.491139
ComplexDP, 2, 24, 0.495512
ComplexDP, 2, 25, 0.491347
ComplexDP, 2, 26, 0.491965
ComplexDP, 2, 27, 0.49226
ComplexDP, 2, 28, 0.494102
ComplexDP, 3, 0, 0.500702
ComplexDP, 3, 1, 0.513098
ComplexDP, 3, 2, 0.506935
ComplexDP, 3, 3, 0
ComplexDP, 3, 4, 0.485742
ComplexDP, 3, 5, 0.491437
ComplexDP, 3, 6, 0.496719
ComplexDP, 3, 7, 0.495759
ComplexDP, 3, 8, 0.487065
ComplexDP, 3, 9, 0.483961
ComplexDP, 3, 10, 0.486567
ComplexDP, 3, 11, 0.492316
ComplexDP, 3, 12, 0.508177
ComplexDP, 3, 13, 0.492769
ComplexDP, 3, 14, 0.496563
ComplexDP, 3, 15, 0.491038
ComplexDP, 3, 16, 0.490934
ComplexDP, 3, 17, 0.490738
ComplexDP, 3, 18, 0.49085
ComplexDP, 3, 19, 0.497124
ComplexDP, 3, 20, 0.488925
ComplexDP, 3, 21, 0.489436
ComplexDP, 3, 22, 0.489774
ComplexDP, 3, 23, 0.491711
ComplexDP, 3, 24, 0.489849
ComplexDP, 3, 25, 0.489317
ComplexDP, 3, 26, 0.488157
ComplexDP, 3, 27, 0.490069
ComplexDP, 3, 28, 0.490199
ComplexDP, 4, 0, 0.475897
ComplexDP, 4, 1, 0.496523
ComplexDP, 4, 2, 0.473947
ComplexDP, 4, 3, 0.466884
ComplexDP, 4, 4, 0
ComplexDP, 4, 5, 0.458484
ComplexDP, 4, 6, 0.463581
ComplexDP, 4, 7, 0.457321
ComplexDP, 4, 8, 0.487872
ComplexDP, 4, 9, 0.467185
ComplexDP, 4, 10, 0.457229
ComplexDP, 4, 11, 0.461499
ComplexDP, 4, 12, 0.467594
ComplexDP, 4, 13, 0.470664
ComplexDP, 4, 14, 0.47645
ComplexDP, 4, 15, 0.465125
ComplexDP, 4, 16, 0.463043
ComplexDP, 4, 17, 0.465001
ComplexDP, 4, 18, 0.461807
ComplexDP, 4, 19, 0.463256
ComplexDP, 4, 20, 0.467364
ComplexDP, 4, 21, 0.465163
ComplexDP, 4, 22, 0.462586
ComplexDP, 4, 23, 0.465995
ComplexDP, 4, 24, 0.463785
ComplexDP, 4, 25, 0.464306
ComplexDP, 4, 26, 0.471511
ComplexDP, 4, 27, 0.463097
ComplexDP, 4, 28, 0.4639
ComplexDP, 5, 0, 0.476828
ComplexDP, 5, 1, 0.484427
ComplexDP, 5, 2, 0.47515
ComplexDP, 5, 3, 0.47787
ComplexDP, 5, 4, 0.464113
ComplexDP, 5, 5, 0
ComplexDP, 5, 6, 0.436211
ComplexDP, 5, 7, 0.429196
ComplexDP, 5, 8, 0.43281
ComplexDP, 5, 9, 0.449293
ComplexDP, 5, 10, 0.441086
ComplexDP, 5, 11, 0.446694
ComplexDP, 5, 12, 0.456762
ComplexDP, 5, 13, 0.453944
ComplexDP, 5, 14, 0.451405
ComplexDP, 5, 15, 0.461233
ComplexDP, 5, 16, 0.44838
ComplexDP, 5, 17, 0.448407
ComplexDP, 5, 18, 0.448102
ComplexDP, 5, 19, 0.447078
ComplexDP, 5, 20, 0.448776
ComplexDP, 5, 21, 0.450566
ComplexDP, 5, 22, 0.448071
ComplexDP, 5, 23, 0.449177
ComplexDP, 5, 24, 0.448258
ComplexDP, 5, 25, 0.448779
ComplexDP, 5, 26, 0.449228
ComplexDP, 5, 27, 0.457052
ComplexDP, 5, 28, 0.449623
ComplexDP, 6, 0, 0.452102
ComplexDP, 6, 1, 0.452806
ComplexDP, 6, 2, 0.45998
ComplexDP, 6, 3, 0.422696
ComplexDP, 6, 4, 0.448352
ComplexDP, 6, 5, 0.437473
ComplexDP, 6, 6, 0
ComplexDP, 6, 7, 0.410277
ComplexDP, 6, 8, 0.404108
ComplexDP, 6, 9, 0.407173
ComplexDP, 6, 10, 0.429544
ComplexDP, 6, 11, 0.416516
ComplexDP, 6, 12, 0.49752
ComplexDP, 6, 13, 0.427637
ComplexDP, 6, 14, 0.415665
ComplexDP, 6, 15, 0.414086
ComplexDP, 6, 16, 0.415348
ComplexDP, 6, 17, 0.42984
ComplexDP, 6, 18, 0.414031
ComplexDP, 6, 19, 0.417298
ComplexDP, 6, 20, 0.419162
ComplexDP, 6, 21, 0.416091
ComplexDP, 6, 22, 0.417653
ComplexDP, 6, 23, 0.424957
ComplexDP, 6, 24, 0.42284
ComplexDP, 6, 25, 0.417086
ComplexDP, 6, 26, 0.414601
ComplexDP, 6, 27, 0.418101
ComplexDP, 6, 28, 0.429237
ComplexDP, 7, 0, 0.423868
ComplexDP, 7, 1, 0.408739
ComplexDP, 7, 2, 0.390881
ComplexDP, 7, 3, 0.36685
ComplexDP, 7, 4, 0.385047
ComplexDP, 7, 5, 0.391327
ComplexDP, 7, 6, 0.415061
ComplexDP, 7, 7, 0
ComplexDP, 7, 8, 0.38439
ComplexDP, 7, 9, 0.380498
ComplexDP, 7, 10, 0.381646
ComplexDP, 7, 11, 0.384951
ComplexDP, 7, 12, 0.389191
ComplexDP, 7, 13, 0.389656
ComplexDP, 7, 14, 0.386559
ComplexDP, 7, 15, 0.389122
ComplexDP, 7, 16, 0.386967
ComplexDP, 7, 17, 0.386333
ComplexDP, 7, 18, 0.385612
ComplexDP, 7, 19, 0.389009
ComplexDP, 7, 20, 0.385438
ComplexDP, 7, 21, 0.388889
ComplexDP, 7, 22, 0.392471
ComplexDP, 7, 23, 0.387484
ComplexDP, 7, 24, 0.387865
ComplexDP, 7, 25, 0.386458
ComplexDP, 7, 26, 0.390631
ComplexDP, 7, 27, 0.403027
ComplexDP, 7, 28, 0.408478
ComplexDP, 8, 0, 0.368058
ComplexDP, 8, 1, 0.359635
ComplexDP, 8, 2, 0.362839
ComplexDP, 8, 3, 0.344234
ComplexDP, 8, 4, 0.357291
ComplexDP, 8, 5, 0.362448
ComplexDP, 8, 6, 0.361333
ComplexDP, 8, 7, 0.362423
ComplexDP, 8, 8, 3.17891e-07
ComplexDP, 8, 9, 0.353177
ComplexDP, 8, 10, 0.355424
ComplexDP, 8, 11, 0.361283
ComplexDP, 8, 12, 0.363667
ComplexDP, 8, 13, 0.364564
ComplexDP, 8, 14, 0.360782
ComplexDP, 8, 15, 0.364436
ComplexDP, 8, 16, 0.361429
ComplexDP, 8, 17, 0.362291
ComplexDP, 8, 18, 0.361271
ComplexDP, 8, 19, 0.361157
ComplexDP, 8, 20, 0.362038
ComplexDP, 8, 21, 0.361508
ComplexDP, 8, 22, 0.362058
ComplexDP, 8, 23, 0.360861
ComplexDP, 8, 24, 0.360992
ComplexDP, 8, 25, 0.359661
ComplexDP, 8, 26, 0.363465
ComplexDP, 8, 27, 0.377115
ComplexDP, 8, 28, 0.379697
ComplexDP, 9, 0, 0.344361
ComplexDP, 9, 1, 0.345683
ComplexDP, 9, 2, 0.345265
ComplexDP, 9, 3, 0.339709
ComplexDP, 9, 4, 0.344007
ComplexDP, 9, 5, 0.344845
ComplexDP, 9, 6, 0.34419
ComplexDP, 9, 7, 0.346789
ComplexDP, 9, 8, 0.346095
ComplexDP, 9, 9, 0
ComplexDP, 9, 10, 0.345356
ComplexDP, 9, 11, 0.35129
ComplexDP, 9, 12, 0.358892
ComplexDP, 9, 13, 0.351019
ComplexDP, 9, 14, 0.351391
ComplexDP, 9, 15, 0.349017
ComplexDP, 9, 16, 0.351232
ComplexDP, 9, 17, 0.348941
ComplexDP, 9, 18, 0.351496
ComplexDP, 9, 19, 0.352019
ComplexDP, 9, 20, 0.349993
ComplexDP, 9, 21, 0.351581
ComplexDP, 9, 22, 0.349224
ComplexDP, 9, 23, 0.350714
ComplexDP, 9, 24, 0.352587
ComplexDP, 9, 25, 0.349804
ComplexDP, 9, 26, 0.366188
ComplexDP, 9, 27, 0.349839
ComplexDP, 9, 28, 0.353838
ComplexDP, 10, 0, 0.335871
ComplexDP, 10, 1, 0.337437
ComplexDP, 10, 2, 0.336648
ComplexDP, 10, 3, 0.33878
ComplexDP, 10, 4, 0.334697
ComplexDP, 10, 5, 0.338705
ComplexDP, 10, 6, 0.343319
ComplexDP, 10, 7, 0.338108
ComplexDP, 10, 8, 0.341895
ComplexDP, 10, 9, 0.343837
ComplexDP, 10, 10, 0
ComplexDP, 10, 11, 0.347177
ComplexDP, 10, 12, 0.352346
ComplexDP, 10, 13, 0.351688
ComplexDP, 10, 14, 0.347439
ComplexDP, 10, 15, 0.348149
ComplexDP, 10, 16, 0.349324
ComplexDP, 10, 17, 0.34702
ComplexDP, 10, 18, 0.346359
ComplexDP, 10, 19, 0.350867
ComplexDP, 10, 20, 0.346127
ComplexDP, 10, 21, 0.345371
ComplexDP, 10, 22, 0.350058
ComplexDP, 10, 23, 0.347662
ComplexDP, 10, 24, 0.349801
ComplexDP, 10, 25, 0.346423
ComplexDP, 10, 26, 0.35371
ComplexDP, 10, 27, 0.348245
ComplexDP, 10, 28, 0.349923
ComplexDP, 11, 0, 0.33751
ComplexDP, 11, 1, 0.333225
ComplexDP, 11, 2, 0.334632
ComplexDP, 11, 3, 0.3344
ComplexDP, 11, 4, 0.333474
ComplexDP, 11, 5, 0.339971
ComplexDP, 11, 6, 0.336431
ComplexDP, 11, 7, 0.339129
ComplexDP, 11, 8, 0.341372
ComplexDP, 11, 9, 0.341914
ComplexDP, 11, 10, 0.340389
ComplexDP, 11, 11, 3.97364e-07
ComplexDP, 11, 12, 0.348161
ComplexDP, 11, 13, 0.347095
ComplexDP, 11, 14, 0.348273
ComplexDP, 11, 15, 0.34597
ComplexDP, 11, 16, 0.345698
ComplexDP, 11, 17, 0.350355
ComplexDP, 11, 18, 0.347838
ComplexDP, 11, 19, 0.3499
ComplexDP, 11, 20, 0.347209
ComplexDP, 11, 21, 0.344939
ComplexDP, 11, 22, 0.346458
ComplexDP, 11, 23, 0.348231
ComplexDP, 11, 24, 0.349296
ComplexDP, 11, 25, 0.347244
ComplexDP, 11, 26, 0.350655
ComplexDP, 11, 27, 0.349534
ComplexDP, 11, 28, 0.348487
ComplexDP, 12, 0, 0.357389
ComplexDP, 12, 1, 0.352865
ComplexDP, 12, 2, 0.335864
ComplexDP, 12, 3, 0.332697
ComplexDP, 12, 4, 0.33495
ComplexDP, 12, 5, 0.336355
ComplexDP, 12, 6, 0.337539
ComplexDP, 12, 7, 0.344532
ComplexDP, 12, 8, 0.342051
ComplexDP, 12, 9, 0.342524
ComplexDP, 12, 10, 0.339816
ComplexDP, 12, 11, 0.348518
ComplexDP, 12, 12, 0
ComplexDP, 12, 13, 0.346752
ComplexDP, 12, 14, 0.347044
ComplexDP, 12, 15, 0.348726
ComplexDP, 12, 16, 0.345521
ComplexDP, 12, 17, 0.348169
ComplexDP, 12, 18, 0.347619
ComplexDP, 12, 19, 0.348921
ComplexDP, 12, 20, 0.345396
ComplexDP, 12, 21, 0.349881
ComplexDP, 12, 22, 0.350342
ComplexDP, 12, 23, 0.348117
ComplexDP, 12, 24, 0.345984
ComplexDP, 12, 25, 0.350189
ComplexDP, 12, 26, 0.348907
ComplexDP, 12, 27, 0.347403
ComplexDP, 12, 28, 0.346737
ComplexDP, 13, 0, 0.337825
ComplexDP, 13, 1, 0.350366
ComplexDP, 13, 2, 0.349543
ComplexDP, 13, 3, 0.335586
ComplexDP, 13, 4, 0.334226
ComplexDP, 13, 5, 0.338195
ComplexDP, 13, 6, 0.338646
ComplexDP, 13, 7, 0.337752
ComplexDP, 13, 8, 0.338786
ComplexDP, 13, 9, 0.343459
ComplexDP, 13, 10, 0.340872
ComplexDP, 13, 11, 0.346458
ComplexDP, 13, 12, 0.348014
ComplexDP, 13, 13, 0
ComplexDP, 13, 14, 0.346206
ComplexDP, 13, 15, 0.346945
ComplexDP, 13, 16, 0.344674
ComplexDP, 13, 17, 0.345713
ComplexDP, 13, 18, 0.344595
ComplexDP, 13, 19, 0.346595
ComplexDP, 13, 20, 0.347524
ComplexDP, 13, 21, 0.350244
ComplexDP, 13, 22, 0.348029
ComplexDP, 13, 23, 0.350471
ComplexDP, 13, 24, 0.347807
ComplexDP, 13, 25, 0.347772
ComplexDP, 13, 26, 0.34833
ComplexDP, 13, 27, 0.344702
ComplexDP, 13, 28, 0.344779
ComplexDP, 14, 0, 0.332717
ComplexDP, 14, 1, 0.333604
ComplexDP, 14, 2, 0.335333
ComplexDP, 14, 3, 0.332499
ComplexDP, 14, 4, 0.336748
ComplexDP, 14, 5, 0.337834
ComplexDP, 14, 6, 0.337334
ComplexDP, 14, 7, 0.335288
ComplexDP, 14, 8, 0.3433
ComplexDP, 14, 9, 0.342144
ComplexDP, 14, 10, 0.34151
ComplexDP, 14, 11, 0.344059
ComplexDP, 14, 12, 0.350032
ComplexDP, 14, 13, 0.347442
ComplexDP, 14, 14, 0
ComplexDP, 14, 15, 0.346144
ComplexDP, 14, 16, 0.347067
ComplexDP, 14, 17, 0.34384
ComplexDP, 14, 18, 0.346887
ComplexDP, 14, 19, 0.345571
ComplexDP, 14, 20, 0.346484
ComplexDP, 14, 21, 0.344822
ComplexDP, 14, 22, 0.344445
ComplexDP, 14, 23, 0.347637
ComplexDP, 14, 24, 0.349878
ComplexDP, 14, 25, 0.347012
ComplexDP, 14, 26, 0.348554
ComplexDP, 14, 27, 0.347945
ComplexDP, 14, 28, 0.348359
ComplexDP, 15, 0, 0.345784
ComplexDP, 15, 1, 0.336024
ComplexDP, 15, 2, 0.332935
ComplexDP, 15, 3, 0.339635
ComplexDP, 15, 4, 0.331667
ComplexDP, 15, 5, 0.334621
ComplexDP, 15, 6, 0.337996
ComplexDP, 15, 7, 0.335393
ComplexDP, 15, 8, 0.339798
ComplexDP, 15, 9, 0.341889
ComplexDP, 15, 10, 0.340149
ComplexDP, 15, 11, 0.343492
ComplexDP, 15, 12, 0.346647
ComplexDP, 15, 13, 0.350441
ComplexDP, 15, 14, 0.346103
ComplexDP, 15, 15, 0
ComplexDP, 15, 16, 0.345363
ComplexDP, 15, 17, 0.344932
ComplexDP, 15, 18, 0.349665
ComplexDP, 15, 19, 0.344637
ComplexDP, 15, 20, 0.349872
ComplexDP, 15, 21, 0.346678
ComplexDP, 15, 22, 0.344265
ComplexDP, 15, 23, 0.345762
ComplexDP, 15, 24, 0.348139
ComplexDP, 15, 25, 0.347847
ComplexDP, 15, 26, 0.344957
ComplexDP, 15, 27, 0.346338
ComplexDP, 15, 28, 0.348168
ComplexDP, 16, 0, 0.331598
ComplexDP, 16, 1, 0.332687
ComplexDP, 16, 2, 0.335174
ComplexDP, 16, 3, 0.334305
ComplexDP, 16, 4, 0.334345
ComplexDP, 16, 5, 0.336742
ComplexDP, 16, 6, 0.337003
ComplexDP, 16, 7, 0.336957
ComplexDP, 16, 8, 0.342047
ComplexDP, 16, 9, 0.341429
ComplexDP, 16, 10, 0.341812
ComplexDP, 16, 11, 0.346278
ComplexDP, 16, 12, 0.346231
ComplexDP, 16, 13, 0.353654
ComplexDP, 16, 14, 0.343665
ComplexDP, 16, 15, 0.347455
ComplexDP, 16, 16, 0
ComplexDP, 16, 17, 0.344909
ComplexDP, 16, 18, 0.346152
ComplexDP, 16, 19, 0.346156
ComplexDP, 16, 20, 0.347128
ComplexDP, 16, 21, 0.345589
ComplexDP, 16, 22, 0.34883
ComplexDP, 16, 23, 0.34758
ComplexDP, 16, 24, 0.34889
ComplexDP, 16, 25, 0.34706
ComplexDP, 16, 26, 0.345019
ComplexDP, 16, 27, 0.34651
ComplexDP, 16, 28, 0.347353
ComplexDP, 17, 0, 0.332973
ComplexDP, 17, 1, 0.336046
ComplexDP, 17, 2, 0.334733
ComplexDP, 17, 3, 0.333231
ComplexDP, 17, 4, 0.345891
ComplexDP, 17, 5, 0.351169
ComplexDP, 17, 6, 0.335378
ComplexDP, 17, 7, 0.33614
ComplexDP, 17, 8, 0.340149
ComplexDP, 17, 9, 0.340322
ComplexDP, 17, 10, 0.340999
ComplexDP, 17, 11, 0.344365
ComplexDP, 17, 12, 0.346655
ComplexDP, 17, 13, 0.349313
ComplexDP, 17, 14, 0.345834
ComplexDP, 17, 15, 0.348935
ComplexDP, 17, 16, 0.347117
ComplexDP, 17, 17, 0
ComplexDP, 17, 18, 0.3437
ComplexDP, 17, 19, 0.34618
ComplexDP, 17, 20, 0.345951
ComplexDP, 17, 21, 0.348209
ComplexDP, 17, 22, 0.345137
ComplexDP, 17, 23, 0.347989
ComplexDP, 17, 24, 0.350995
ComplexDP, 17, 25, 0.348964
ComplexDP, 17, 26, 0.34669
ComplexDP, 17, 27, 0.348791
ComplexDP, 17, 28, 0.348491
ComplexDP, 18, 0, 0.333635
ComplexDP, 18, 1, 0.333678
ComplexDP, 18, 2, 0.334116
ComplexDP, 18, 3, 0.334198
ComplexDP, 18, 4, 0.333555
ComplexDP, 18, 5, 0.350318
ComplexDP, 18, 6, 0.355998
ComplexDP, 18, 7, 0.334109
ComplexDP, 18, 8, 0.340776
ComplexDP, 18, 9, 0.339826
ComplexDP, 18, 10, 0.338482
ComplexDP, 18, 11, 0.344626
ComplexDP, 18, 12, 0.347335
ComplexDP, 18, 13, 0.344635
ComplexDP, 18, 14, 0.346353
ComplexDP, 18, 15, 0.345976
ComplexDP, 18, 16, 0.344839
ComplexDP, 18, 17, 0.346221
ComplexDP, 18, 18, 0
ComplexDP, 18, 19, 0.34569
ComplexDP, 18, 20, 0.344576
ComplexDP, 18, 21, 0.346272
ComplexDP, 18, 22, 0.344656
ComplexDP, 18, 23, 0.347679
ComplexDP, 18, 24, 0.345882
ComplexDP, 18, 25, 0.349406
ComplexDP, 18, 26, 0.345333
ComplexDP, 18, 27, 0.347057
ComplexDP, 18, 28, 0.350268
ComplexDP, 19, 0, 0.335201
ComplexDP, 19, 1, 0.332338
ComplexDP, 19, 2, 0.334845
ComplexDP, 19, 3, 0.332207
ComplexDP, 19, 4, 0.331225
ComplexDP, 19, 5, 0.339095
ComplexDP, 19, 6, 0.339216
ComplexDP, 19, 7, 0.334691
ComplexDP, 19, 8, 0.33911
ComplexDP, 19, 9, 0.343104
ComplexDP, 19, 10, 0.339467
ComplexDP, 19, 11, 0.346296
ComplexDP, 19, 12, 0.346786
ComplexDP, 19, 13, 0.350499
ComplexDP, 19, 14, 0.346739
ComplexDP, 19, 15, 0.344666
ComplexDP, 19, 16, 0.347249
ComplexDP, 19, 17, 0.346911
ComplexDP, 19, 18, 0.346478
ComplexDP, 19, 19, 0
ComplexDP, 19, 20, 0.349187
ComplexDP, 19, 21, 0.356444
ComplexDP, 19, 22, 0.347507
ComplexDP, 19, 23, 0.344564
ComplexDP, 19, 24, 0.34393
ComplexDP, 19, 25, 0.344048
ComplexDP, 19, 26, 0.344252
ComplexDP, 19, 27, 0.346084
ComplexDP, 19, 28, 0.343827
ComplexDP, 20, 0, 0.333235
ComplexDP, 20, 1, 0.334223
ComplexDP, 20, 2, 0.335522
ComplexDP, 20, 3, 0.334468
ComplexDP, 20, 4, 0.335214
ComplexDP, 20, 5, 0.337763
ComplexDP, 20, 6, 0.351314
ComplexDP, 20, 7, 0.343609
ComplexDP, 20, 8, 0.340559
ComplexDP, 20, 9, 0.340646
ComplexDP, 20, 10, 0.340264
ComplexDP, 20, 11, 0.345915
ComplexDP, 20, 12, 0.346406
ComplexDP, 20, 13, 0.346906
ComplexDP, 20, 14, 0.344322
ComplexDP, 20, 15, 0.348168
ComplexDP, 20, 16, 0.348232
ComplexDP, 20, 17, 0.345084
ComplexDP, 20, 18, 0.345338
ComplexDP, 20, 19, 0.359285
ComplexDP, 20, 20, 0
ComplexDP, 20, 21, 0.349399
ComplexDP, 20, 22, 0.347241
ComplexDP, 20, 23, 0.3471
ComplexDP, 20, 24, 0.343763
ComplexDP, 20, 25, 0.347294
ComplexDP, 20, 26, 0.348873
ComplexDP, 20, 27, 0.346559
ComplexDP, 20, 28, 0.346902
ComplexDP, 21, 0, 0.335362
ComplexDP, 21, 1, 0.332946
ComplexDP, 21, 2, 0.332633
ComplexDP, 21, 3, 0.333457
ComplexDP, 21, 4, 0.338865
ComplexDP, 21, 5, 0.337443
ComplexDP, 21, 6, 0.335642
ComplexDP, 21, 7, 0.336772
ComplexDP, 21, 8, 0.341578
ComplexDP, 21, 9, 0.340994
ComplexDP, 21, 10, 0.341251
ComplexDP, 21, 11, 0.3454
ComplexDP, 21, 12, 0.346213
ComplexDP, 21, 13, 0.350585
ComplexDP, 21, 14, 0.344873
ComplexDP, 21, 15, 0.34711
ComplexDP, 21, 16, 0.343912
ComplexDP, 21, 17, 0.346549
ComplexDP, 21, 18, 0.345075
ComplexDP, 21, 19, 0.346306
ComplexDP, 21, 20, 0.346279
ComplexDP, 21, 21, 0
ComplexDP, 21, 22, 0.346928
ComplexDP, 21, 23, 0.349045
ComplexDP, 21, 24, 0.346826
ComplexDP, 21, 25, 0.349307
ComplexDP, 21, 26, 0.344838
ComplexDP, 21, 27, 0.347225
ComplexDP, 21, 28, 0.348589
ComplexDP, 22, 0, 0.332976
ComplexDP, 22, 1, 0.332493
ComplexDP, 22, 2, 0.334936
ComplexDP, 22, 3, 0.333919
ComplexDP, 22, 4, 0.336502
ComplexDP, 22, 5, 0.335519
ComplexDP, 22, 6, 0.33431
ComplexDP, 22, 7, 0.335191
ComplexDP, 22, 8, 0.339578
ComplexDP, 22, 9, 0.340754
ComplexDP, 22, 10, 0.341603
ComplexDP, 22, 11, 0.349862
ComplexDP, 22, 12, 0.347958
ComplexDP, 22, 13, 0.347228
ComplexDP, 22, 14, 0.346616
ComplexDP, 22, 15, 0.346293
ComplexDP, 22, 16, 0.344552
ComplexDP, 22, 17, 0.34722
ComplexDP, 22, 18, 0.348121
ComplexDP, 22, 19, 0.347378
ComplexDP, 22, 20, 0.343716
ComplexDP, 22, 21, 0.344105
ComplexDP, 22, 22, 0
ComplexDP, 22, 23, 0.346521
ComplexDP, 22, 24, 0.353658
ComplexDP, 22, 25, 0.34604
ComplexDP, 22, 26, 0.345124
ComplexDP, 22, 27, 0.350149
ComplexDP, 22, 28, 0.345812
ComplexDP, 23, 0, 0.331743
ComplexDP, 23, 1, 0.334006
ComplexDP, 23, 2, 0.340129
ComplexDP, 23, 3, 0.334462
ComplexDP, 23, 4, 0.336079
ComplexDP, 23, 5, 0.337953
ComplexDP, 23, 6, 0.336186
ComplexDP, 23, 7, 0.334897
ComplexDP, 23, 8, 0.337537
ComplexDP, 23, 9, 0.348484
ComplexDP, 23, 10, 0.358505
ComplexDP, 23, 11, 0.344756
ComplexDP, 23, 12, 0.345532
ComplexDP, 23, 13, 0.347373
ComplexDP, 23, 14, 0.346543
ComplexDP, 23, 15, 0.345871
ComplexDP, 23, 16, 0.343457
ComplexDP, 23, 17, 0.343372
ComplexDP, 23, 18, 0.345341
ComplexDP, 23, 19, 0.347421
ComplexDP, 23, 20, 0.346194
ComplexDP, 23, 21, 0.346212
ComplexDP, 23, 22, 0.346289
ComplexDP, 23, 23, 0
ComplexDP, 23, 24, 0.34761
ComplexDP, 23, 25, 0.345446
ComplexDP, 23, 26, 0.347052
ComplexDP, 23, 27, 0.34593
ComplexDP, 23, 28, 0.348691
ComplexDP, 24, 0, 0.333428
ComplexDP, 24, 1, 0.333282
ComplexDP, 24, 2, 0.335148
ComplexDP, 24, 3, 0.334679
ComplexDP, 24, 4, 0.333031
ComplexDP, 24, 5, 0.335753
ComplexDP, 24, 6, 0.337453
ComplexDP, 24, 7, 0.336758
ComplexDP, 24, 8, 0.338438
ComplexDP, 24, 9, 0.339536
ComplexDP, 24, 10, 0.357053
ComplexDP, 24, 11, 0.35898
ComplexDP, 24, 12, 0.346116
ComplexDP, 24, 13, 0.347049
ComplexDP, 24, 14, 0.346826
ComplexDP, 24, 15, 0.34365
ComplexDP, 24, 16, 0.357736
ComplexDP, 24, 17, 0.347528
ComplexDP, 24, 18, 0.347342
ComplexDP, 24, 19, 0.343007
ComplexDP, 24, 20, 0.347145
ComplexDP, 24, 21, 0.345507
ComplexDP, 24, 22, 0.34829
ComplexDP, 24, 23, 0.348907
ComplexDP, 24, 24, 0
ComplexDP, 24, 25, 0.344529
ComplexDP, 24, 26, 0.344841
ComplexDP, 24, 27, 0.348474
ComplexDP, 24, 28, 0.348169
ComplexDP, 25, 0, 0.336066
ComplexDP, 25, 1, 0.346594
ComplexDP, 25, 2, 0.333984
ComplexDP, 25, 3, 0.333344
ComplexDP, 25, 4, 0.334238
ComplexDP, 25, 5, 0.334987
ComplexDP, 25, 6, 0.334595
ComplexDP, 25, 7, 0.334148
ComplexDP, 25, 8, 0.338243
ComplexDP, 25, 9, 0.337278
ComplexDP, 25, 10, 0.33888
ComplexDP, 25, 11, 0.341179
ComplexDP, 25, 12, 0.347194
ComplexDP, 25, 13, 0.345319
ComplexDP, 25, 14, 0.34445
ComplexDP, 25, 15, 0.344998
ComplexDP, 25, 16, 0.344218
ComplexDP, 25, 17, 0.345649
ComplexDP, 25, 18, 0.349266
ComplexDP, 25, 19, 0.347329
ComplexDP, 25, 20, 0.343865
ComplexDP, 25, 21, 0.344907
ComplexDP, 25, 22, 0.345626
ComplexDP, 25, 23, 0.346328
ComplexDP, 25, 24, 0.343145
ComplexDP, 25, 25, 0
ComplexDP, 25, 26, 0.346714
ComplexDP, 25, 27, 0.347493
ComplexDP, 25, 28, 0.347389
ComplexDP, 26, 0, 0.334247
ComplexDP, 26, 1, 0.344252
ComplexDP, 26, 2, 0.339167
ComplexDP, 26, 3, 0.331819
ComplexDP, 26, 4, 0.334122
ComplexDP, 26, 5, 0.336626
ComplexDP, 26, 6, 0.336493
ComplexDP, 26, 7, 0.335684
ComplexDP, 26, 8, 0.340556
ComplexDP, 26, 9, 0.340264
ComplexDP, 26, 10, 0.347159
ComplexDP, 26, 11, 0.349005
ComplexDP, 26, 12, 0.357937
ComplexDP, 26, 13, 0.35042
ComplexDP, 26, 14, 0.347905
ComplexDP, 26, 15, 0.34927
ComplexDP, 26, 16, 0.351261
ComplexDP, 26, 17, 0.348978
ComplexDP, 26, 18, 0.347531
ComplexDP, 26, 19, 0.345564
ComplexDP, 26, 20, 0.348444
ComplexDP, 26, 21, 0.346141
ComplexDP, 26, 22, 0.348518
ComplexDP, 26, 23, 0.351285
ComplexDP, 26, 24, 0.355438
ComplexDP, 26, 25, 0.348075
ComplexDP, 26, 26, 0
ComplexDP, 26, 27, 0.346867
ComplexDP, 26, 28, 0.352512
ComplexDP, 27, 0, 0.332016
ComplexDP, 27, 1, 0.333
ComplexDP, 27, 2, 0.333162
ComplexDP, 27, 3, 0.33873
ComplexDP, 27, 4, 0.334116
ComplexDP, 27, 5, 0.336799
ComplexDP, 27, 6, 0.334748
ComplexDP, 27, 7, 0.336067
ComplexDP, 27, 8, 0.33986
ComplexDP, 27, 9, 0.340629
ComplexDP, 27, 10, 0.34024
ComplexDP, 27, 11, 0.345777
ComplexDP, 27, 12, 0.368193
ComplexDP, 27, 13, 0.361275
ComplexDP, 27, 14, 0.347276
ComplexDP, 27, 15, 0.345532
ComplexDP, 27, 16, 0.345716
ComplexDP, 27, 17, 0.344616
ComplexDP, 27, 18, 0.348137
ComplexDP, 27, 19, 0.345184
ComplexDP, 27, 20, 0.349071
ComplexDP, 27, 21, 0.34808
ComplexDP, 27, 22, 0.344331
ComplexDP, 27, 23, 0.344634
ComplexDP, 27, 24, 0.349918
ComplexDP, 27, 25, 0.346641
ComplexDP, 27, 26, 0.348351
ComplexDP, 27, 27, 0
ComplexDP, 27, 28, 0.35195
ComplexDP, 28, 0, 0.334821
ComplexDP, 28, 1, 0.333201
ComplexDP, 28, 2, 0.372185
ComplexDP, 28, 3, 0.332961
ComplexDP, 28, 4, 0.335988
ComplexDP, 28, 5, 0.338215
ComplexDP, 28, 6, 0.335768
ComplexDP, 28, 7, 0.33748
ComplexDP, 28, 8, 0.339354
ComplexDP, 28, 9, 0.341398
ComplexDP, 28, 10, 0.344168
ComplexDP, 28, 11, 0.343775
ComplexDP, 28, 12, 0.34548
ComplexDP, 28, 13, 0.363141
ComplexDP, 28, 14, 0.363164
ComplexDP, 28, 15, 0.345878
ComplexDP, 28, 16, 0.346372
ComplexDP, 28, 17, 0.347917
ComplexDP, 28, 18, 0.345988
ComplexDP, 28, 19, 0.348001
ComplexDP, 28, 20, 0.347445
ComplexDP, 28, 21, 0.349362
ComplexDP, 28, 22, 0.349285
ComplexDP, 28, 23, 0.346317
ComplexDP, 28, 24, 0.347936
ComplexDP, 28, 25, 0.347814
ComplexDP, 28, 26, 0.347516
ComplexDP, 28, 27, 0.347235
ComplexDP, 28, 28, 0
ComplexPosit, 0, 0, 0
ComplexPosit, 0, 1, 4.22493
ComplexPosit, 0, 2, 4.33325
ComplexPosit, 0, 3, 4.22793
ComplexPosit, 0, 4, 4.17831
ComplexPosit, 0, 5, 4.1088
ComplexPosit, 0, 6, 4.18905
ComplexPosit, 0, 7, 4.11875
ComplexPosit, 0, 8, 3.98414
ComplexPosit, 0, 9, 3.97277
ComplexPosit, 0, 10, 4.09669
ComplexPosit, 0, 11, 3.99873
ComplexPosit, 0, 12, 4.02017
ComplexPosit, 0, 13, 4.10349
ComplexPosit, 0, 14, 4.05852
ComplexPosit, 0, 15, 4.11348
ComplexPosit, 0, 16, 4.09288
ComplexPosit, 0, 17, 4.04161
ComplexPosit, 0, 18, 4.01821
ComplexPosit, 0, 19, 4.0144
ComplexPosit, 0, 20, 4.05762
ComplexPosit, 0, 21, 4.00463
ComplexPosit, 0, 22, 3.99501
ComplexPosit, 0, 23, 4.09156
ComplexPosit, 0, 24, 4.09203
ComplexPosit, 0, 25, 4.09596
ComplexPosit, 0, 26, 4.29063
ComplexPosit, 0, 27, 4.28404
ComplexPosit, 0, 28, 4.36098
ComplexPosit, 1, 0, 4.1992
ComplexPosit, 1, 1, 0
ComplexPosit, 1, 2, 4.29274
ComplexPosit, 1, 3, 4.21564
ComplexPosit, 1, 4, 4.29384
ComplexPosit, 1, 5, 4.2451
ComplexPosit, 1, 6, 4.29158
ComplexPosit, 1, 7, 4.21706
ComplexPosit, 1, 8, 4.23468
ComplexPosit, 1, 9, 4.25771
ComplexPosit, 1, 10, 4.24468
ComplexPosit, 1, 11, 4.378
ComplexPosit, 1, 12, 4.12292
ComplexPosit, 1, 13, 4.14308
ComplexPosit, 1, 14, 4.152
ComplexPosit, 1, 15, 4.21513
ComplexPosit, 1, 16, 4.21124
ComplexPosit, 1, 17, 4.20284
ComplexPosit, 1, 18, 4.12078
ComplexPosit, 1, 19, 4.23312
ComplexPosit, 1, 20, 4.26045
ComplexPosit, 1, 21, 4.21054
ComplexPosit, 1, 22, 4.26245
ComplexPosit, 1, 23, 4.23564
ComplexPosit, 1, 24, 4.16371
ComplexPosit, 1, 25, 4.23681
ComplexPosit, 1, 26, 4.32028
ComplexPosit, 1, 27, 4.32505
ComplexPosit, 1, 28, 4.38188
ComplexPosit, 2, 0, 4.31759
ComplexPosit, 2, 1, 4.25082
ComplexPosit, 2, 2, 0
ComplexPosit, 2, 3, 4.17926
ComplexPosit, 2, 4, 4.14703
ComplexPosit, 2, 5, 4.08342
ComplexPosit, 2, 6, 4.14789
ComplexPosit, 2, 7, 4.13885
ComplexPosit, 2, 8, 4.01066
ComplexPosit, 2, 9, 4.03318
ComplexPosit, 2, 10, 4.13545
ComplexPosit, 2, 11, 4.044
ComplexPosit, 2, 12, 4.11621
ComplexPosit, 2, 13, 4.11924
ComplexPosit, 2, 14, 4.0893
ComplexPosit, 2, 15, 4.10711
ComplexPosit, 2, 16, 4.05194
ComplexPosit, 2, 17, 4.05592
ComplexPosit, 2, 18, 4.07423
ComplexPosit, 2, 19, 4.06711
ComplexPosit, 2, 20, 4.08548
ComplexPosit, 2, 21, 4.02481
ComplexPosit, 2, 22, 4.1384
ComplexPosit, 2, 23, 4.13424
ComplexPosit, 2, 24, 4.04209
ComplexPosit, 2, 25, 4.06287
ComplexPosit, 2, 26, 4.46428
ComplexPosit, 2, 27, 4.81954
ComplexPosit, 2, 28, 4.07069
ComplexPosit, 3, 0, 4.07487
ComplexPosit, 3, 1, 4.22361
ComplexPosit, 3, 2, 4.1303
ComplexPosit, 3, 3, 0
ComplexPosit, 3, 4, 4.03284
ComplexPosit, 3, 5, 4.11803
ComplexPosit, 3, 6, 4.04003
ComplexPosit, 3, 7, 4.04783
ComplexPosit, 3, 8, 3.97154
ComplexPosit, 3, 9, 4.01009
ComplexPosit, 3, 10, 3.9792
ComplexPosit, 3, 11, 3.98918
ComplexPosit, 3, 12, 3.96546
ComplexPosit, 3, 13, 3.99931
ComplexPosit, 3, 14, 4.06781
ComplexPosit, 3, 15, 4.05687
ComplexPosit, 3, 16, 4.07815
ComplexPosit, 3, 17, 4.11703
ComplexPosit, 3, 18, 4.00135
ComplexPosit, 3, 19, 4.01169
ComplexPosit, 3, 20, 4.05506
ComplexPosit, 3, 21, 4.05544
ComplexPosit, 3, 22, 3.98144
ComplexPosit, 3, 23, 4.06633
ComplexPosit, 3, 24, 4.05069
ComplexPosit, 3, 25, 4.01098
ComplexPosit, 3, 26, 4.30325
ComplexPosit, 3, 27, 4.18699
ComplexPosit, 3, 28, 4.17363
ComplexPosit, 4, 0, 4.07273
ComplexPosit, 4, 1, 4.24212
ComplexPosit, 4, 2, 4.16637
ComplexPosit, 4, 3, 4.08326
ComplexPosit, 4, 4, 3.17891e-07
ComplexPosit, 4, 5, 4.01283
ComplexPosit, 4, 6, 4.00751
ComplexPosit, 4, 7, 4.0701
ComplexPosit, 4, 8, 4.00916
ComplexPosit, 4, 9, 3.91543
ComplexPosit, 4, 10, 3.91093
ComplexPosit, 4, 11, 3.93525
ComplexPosit, 4, 12, 3.96284
ComplexPosit, 4, 13, 4.03943
ComplexPosit, 4, 14, 4.05584
ComplexPosit, 4, 15, 3.97578
ComplexPosit, 4, 16, 3.96467
ComplexPosit, 4, 17, 3.95767
ComplexPosit, 4, 18, 4.00757
ComplexPosit, 4, 19, 3.96134
ComplexPosit, 4, 20, 4.06978
ComplexPosit, 4, 21, 4.05163
ComplexPosit, 4, 22, 4.04155
ComplexPosit, 4, 23, 4.04131
ComplexPosit, 4, 24, 3.99149
ComplexPosit, 4, 25, 3.97155
ComplexPosit, 4, 26, 4.20009
ComplexPosit, 4, 27, 4.26621
ComplexPosit, 4, 28, 4.16199
ComplexPosit, 5, 0, 4.01744
ComplexPosit, 5, 1, 4.13627
ComplexPosit, 5, 2, 4.1657
ComplexPosit, 5, 3, 4.05204
ComplexPosit, 5, 4, 4.08963
ComplexPosit, 5, 5, 0
ComplexPosit, 5, 6, 4.0695
ComplexPosit, 5, 7, 4.08721
ComplexPosit, 5, 8, 3.94139
ComplexPosit, 5, 9, 3.95757
ComplexPosit, 5, 10, 3.95442
ComplexPosit, 5, 11, 3.96591
ComplexPosit, 5, 12, 3.92763
ComplexPosit, 5, 13, 3.94785
ComplexPosit, 5, 14, 3.96992
ComplexPosit, 5, 15, 4.06023
ComplexPosit, 5, 16, 3.95114
ComplexPosit, 5, 17, 4.0146
ComplexPosit, 5, 18, 4.04651
ComplexPosit, 5, 19, 4.00771
ComplexPosit, 5, 20, 3.9673
ComplexPosit, 5, 21, 3.9988
ComplexPosit, 5, 22, 3.9646
ComplexPosit, 5, 23, 3.94389
ComplexPosit, 5, 24, 4.03475
ComplexPosit, 5, 25, 4.0153
ComplexPosit, 5, 26, 4.16611
ComplexPosit, 5, 27, 4.15437
ComplexPosit, 5, 28, 4.14292
ComplexPosit, 6, 0, 4.02736
ComplexPosit, 6, 1, 4.19875
ComplexPosit, 6, 2, 4.09172
ComplexPosit, 6, 3, 4.16118
ComplexPosit, 6, 4, 4.06717
ComplexPosit, 6, 5, 3.9997
ComplexPosit, 6, 6, 0
ComplexPosit, 6, 7, 4.11206
ComplexPosit, 6, 8, 3.98825
ComplexPosit, 6, 9, 3.92137
ComplexPosit, 6, 10, 4.02985
ComplexPosit, 6, 11, 4.0531
ComplexPosit, 6, 12, 4.07715
ComplexPosit, 6, 13, 4.08283
ComplexPosit, 6, 14, 3.97026
ComplexPosit, 6, 15, 3.97227
ComplexPosit, 6, 16, 4.00512
ComplexPosit, 6, 17, 3.96419
ComplexPosit, 6, 18, 3.96697
ComplexPosit, 6, 19, 3.95114
ComplexPosit, 6, 20, 3.97692
ComplexPosit, 6, 21, 4.01906
ComplexPosit, 6, 22, 3.95979
ComplexPosit, 6, 23, 3.94697
ComplexPosit, 6, 24, 3.9723
ComplexPosit, 6, 25, 4.02036
ComplexPosit, 6, 26, 4.25562
ComplexPosit, 6, 27, 4.18649
ComplexPosit, 6, 28, 4.1305
ComplexPosit, 7, 0, 4.03276
ComplexPosit, 7, 1, 4.17966
ComplexPosit, 7, 2, 4.13247
ComplexPosit, 7, 3, 4.00164
ComplexPosit, 7, 4, 3.96422
ComplexPosit, 7, 5, 4.13022
ComplexPosit, 7, 6, 4.02684
ComplexPosit, 7, 7, 0
ComplexPosit, 7, 8, 4.09014
ComplexPosit, 7, 9, 4.0491
ComplexPosit, 7, 10, 4.00516
ComplexPosit, 7, 11, 3.99716
ComplexPosit, 7, 12, 4.07349
ComplexPosit, 7, 13, 3.97101
ComplexPosit, 7, 14, 4.01584
ComplexPosit, 7, 15, 3.98912
ComplexPosit, 7, 16, 3.93853
ComplexPosit, 7, 17, 3.97876
ComplexPosit, 7, 18, 3.98905
ComplexPosit, 7, 19, 4.09993
ComplexPosit, 7, 20, 4.04621
ComplexPosit, 7, 21, 4.06101
ComplexPosit, 7, 22, 4.01307
ComplexPosit, 7, 23, 3.96057
ComplexPosit, 7, 24, 3.99439
ComplexPosit, 7, 25, 3.95668
ComplexPosit, 7, 26, 4.18041
ComplexPosit, 7, 27, 4.16262
ComplexPosit, 7, 28, 4.24927
ComplexPosit, 8, 0, 4.01639
ComplexPosit, 8, 1, 4.21346
ComplexPosit, 8, 2, 4.11899
ComplexPosit, 8, 3, 4.0538
ComplexPosit, 8, 4, 4.00993
ComplexPosit, 8, 5, 3.98685
ComplexPosit, 8, 6, 4.07703
ComplexPosit, 8, 7, 3.99861
ComplexPosit, 8, 8, 0
ComplexPosit, 8, 9, 3.97433
ComplexPosit, 8, 10, 4.06783
ComplexPosit, 8, 11, 4.06125
ComplexPosit, 8, 12, 3.93765
ComplexPosit, 8, 13, 3.91995
ComplexPosit, 8, 14, 3.90412
ComplexPosit, 8, 15, 4.0428
ComplexPosit, 8, 16, 4.20363
ComplexPosit, 8, 17, 3.93624
ComplexPosit, 8, 18, 4.01646
ComplexPosit, 8, 19, 3.91175
ComplexPosit, 8, 20, 3.94315
ComplexPosit, 8, 21, 4.0274
ComplexPosit, 8, 22, 3.9862
ComplexPosit, 8, 23, 3.94476
ComplexPosit, 8, 24, 4.03713
ComplexPosit, 8, 25, 4.01908
ComplexPosit, 8, 26, 4.15733
ComplexPosit, 8, 27, 4.10251
ComplexPosit, 8, 28, 4.1922
ComplexPosit, 9, 0, 4.06117
ComplexPosit, 9, 1, 4.20144
ComplexPosit, 9, 2, 4.09217
ComplexPosit, 9, 3, 4.06188
ComplexPosit, 9, 4, 4.04764
ComplexPosit, 9, 5, 3.94056
ComplexPosit, 9, 6, 3.98728
ComplexPosit, 9, 7, 3.97373
ComplexPosit, 9, 8, 3.97752
ComplexPosit, 9, 9, 0
ComplexPosit, 9, 10, 3.96013
ComplexPosit, 9, 11, 3.89599
ComplexPosit, 9, 12, 3.9702
ComplexPosit, 9, 13, 4.02235
ComplexPosit, 9, 14, 4.07249
ComplexPosit, 9, 15, 3.95869
ComplexPosit, 9, 16, 4.03953
ComplexPosit, 9, 17, 4.30179
ComplexPosit, 9, 18, 4.02515
ComplexPosit, 9, 19, 3.89969
ComplexPosit, 9, 20, 3.92333
ComplexPosit, 9, 21, 4.04393
ComplexPosit, 9, 22, 4.04252
ComplexPosit, 9, 23, 4.06236
ComplexPosit, 9, 24, 4.00993
ComplexPosit, 9, 25, 4.04807
ComplexPosit, 9, 26, 4.15012
ComplexPosit, 9, 27, 4.20878
ComplexPosit, 9, 28, 4.1399
ComplexPosit, 10, 0, 3.96763
ComplexPosit, 10, 1, 4.13803
ComplexPosit, 10, 2, 4.06301
ComplexPosit, 10, 3, 4.09414
ComplexPosit, 10, 4, 4.0223
ComplexPosit, 10, 5, 4.05205
ComplexPosit, 10, 6, 3.94057
ComplexPosit, 10, 7, 4.10402
ComplexPosit, 10, 8, 4.06476
ComplexPosit, 10, 9, 3.92934
ComplexPosit, 10, 10, 0
ComplexPosit, 10, 11, 3.89652
ComplexPosit, 10, 12, 3.90954
ComplexPosit, 10, 13, 4.02765
ComplexPosit, 10, 14, 4.01335
ComplexPosit, 10, 15, 3.93896
ComplexPosit, 10, 16, 4.08983
ComplexPosit, 10, 17, 4.06935
ComplexPosit, 10, 18, 4.06442
ComplexPosit, 10, 19, 4.02973
ComplexPosit, 10, 20, 4.05028
ComplexPosit, 10, 21, 3.98203
ComplexPosit, 10, 22, 3.91323
ComplexPosit, 10, 23, 3.96286
ComplexPosit, 10, 24, 4.01515
ComplexPosit, 10, 25, 4.03704
ComplexPosit, 10, 26, 4.24799
ComplexPosit, 10, 27, 4.51945
ComplexPosit, 10, 28, 4.07759
ComplexPosit, 11, 0, 4.04028
ComplexPosit, 11, 1, 4.1267
ComplexPosit, 11, 2, 4.14771
ComplexPosit, 11, 3, 3.97318
ComplexPosit, 11, 4, 4.03161
ComplexPosit, 11, 5, 4.05533
ComplexPosit, 11, 6, 3.95708
ComplexPosit, 11, 7, 4.00123
ComplexPosit, 11, 8, 3.96063
ComplexPosit, 11, 9, 3.91356
ComplexPosit, 11, 10, 4.033
ComplexPosit, 11, 11, 0
ComplexPosit, 11, 12, 4.00998
ComplexPosit, 11, 13, 3.9453
ComplexPosit, 11, 14, 4.08689
ComplexPosit, 11, 15, 4.04
ComplexPosit, 11, 16, 3.9599
ComplexPosit, 11, 17, 3.96848
ComplexPosit, 11, 18, 3.9399
ComplexPosit, 11, 19, 3.95426
ComplexPosit, 11, 20, 4.00045
ComplexPosit, 11, 21, 3.93469
ComplexPosit, 11, 22, 3.9796
ComplexPosit, 11, 23, 3.94659
ComplexPosit, 11, 24, 3.96802
ComplexPosit, 11, 25, 3.96016
ComplexPosit, 11, 26, 4.25619
ComplexPosit, 11, 27, 4.20867
ComplexPosit, 11, 28, 4.23777
ComplexPosit, 12, 0, 3.99647
ComplexPosit, 12, 1, 4.27227
ComplexPosit, 12, 2, 4.14238
ComplexPosit, 12, 3, 3.98236
ComplexPosit, 12, 4, 3.94676
ComplexPosit, 12, 5, 3.96893
ComplexPosit, 12, 6, 4.04791
ComplexPosit, 12, 7, 4.04577
ComplexPosit, 12, 8, 3.95242
ComplexPosit, 12, 9, 3.96438
ComplexPosit, 12, 10, 4.08145
ComplexPosit, 12, 11, 3.98819
ComplexPosit, 12, 12, 0
ComplexPosit, 12, 13, 3.94707
ComplexPosit, 12, 14, 3.95486
ComplexPosit, 12, 15, 3.94301
ComplexPosit, 12, 16, 3.94687
ComplexPosit, 12, 17, 3.97286
ComplexPosit, 12, 18, 4.06472
ComplexPosit, 12, 19, 3.93681
ComplexPosit, 12, 20, 4.046
ComplexPosit, 12, 21, 4.0815
ComplexPosit, 12, 22, 4.03971
ComplexPosit, 12, 23, 4.05645
ComplexPosit, 12, 24, 3.93041
ComplexPosit, 12, 25, 3.94502
ComplexPosit, 12, 26, 4.12608
ComplexPosit, 12, 27, 4.11424
ComplexPosit, 12, 28, 4.18254
ComplexPosit, 13, 0, 3.99489
ComplexPosit, 13, 1, 4.12542
ComplexPosit, 13, 2, 4.11642
ComplexPosit, 13, 3, 3.96575
ComplexPosit, 13, 4, 4.08397
ComplexPosit, 13, 5, 4.03544
ComplexPosit, 13, 6, 4.09634
ComplexPosit, 13, 7, 3.94553
ComplexPosit, 13, 8, 3.92223
ComplexPosit, 13, 9, 4.05651
ComplexPosit, 13, 10, 4.03155
ComplexPosit, 13, 11, 4.05802
ComplexPosit, 13, 12, 4.28649
ComplexPosit, 13, 13, 0
ComplexPosit, 13, 14, 3.97125
ComplexPosit, 13, 15, 3.93959
ComplexPosit, 13, 16, 3.89477
ComplexPosit, 13, 17, 4.03193
ComplexPosit, 13, 18, 4.06967
ComplexPosit, 13, 19, 4.02898
ComplexPosit, 13, 20, 4.23749
ComplexPosit, 13, 21, 4.11933
ComplexPosit, 13, 22, 4.24854
ComplexPosit, 13, 23, 3.90805
ComplexPosit, 13, 24, 4.05486
ComplexPosit, 13, 25, 3.95969
ComplexPosit, 13, 26, 4.11376
ComplexPosit, 13, 27, 4.07547
ComplexPosit, 13, 28, 4.07542
ComplexPosit, 14, 0, 4.04365
ComplexPosit, 14, 1, 4.21974
ComplexPosit, 14, 2, 4.15899
ComplexPosit, 14, 3, 4.08922
ComplexPosit, 14, 4, 3.98286
ComplexPosit, 14, 5, 3.98278
ComplexPosit, 14, 6, 3.95454
ComplexPosit, 14, 7, 4.01362
ComplexPosit, 14, 8, 3.95112
ComplexPosit, 14, 9, 4.1064
ComplexPosit, 14, 10, 4.13557
ComplexPosit, 14, 11, 4.48175
ComplexPosit, 14, 12, 4.30283
ComplexPosit, 14, 13, 3.81369
ComplexPosit, 14, 14, 3.17891e-07
ComplexPosit, 14, 15, 3.88007
ComplexPosit, 14, 16, 3.98065
ComplexPosit, 14, 17, 3.88449
ComplexPosit, 14, 18, 3.90327
ComplexPosit, 14, 19, 4.05573
ComplexPosit, 14, 20, 4.05134
ComplexPosit, 14, 21, 4.04971
ComplexPosit, 14, 22, 4.02892
ComplexPosit, 14, 23, 4.00668
ComplexPosit, 14, 24, 3.94878
ComplexPosit, 14, 25, 3.96566
ComplexPosit, 14, 26, 4.11664
ComplexPosit, 14, 27, 4.09604
ComplexPosit, 14, 28, 4.03483
ComplexPosit, 15, 0, 4.09908
ComplexPosit, 15, 1, 4.17266
ComplexPosit, 15, 2, 4.15173
ComplexPosit, 15, 3, 4.06602
ComplexPosit, 15, 4, 3.98498
ComplexPosit, 15, 5, 3.96361
ComplexPosit, 15, 6, 4.002
ComplexPosit, 15, 7, 4.02761
ComplexPosit, 15, 8, 3.99918
ComplexPosit, 15, 9, 4.03001
ComplexPosit, 15, 10, 3.93866
ComplexPosit, 15, 11, 4.03981
ComplexPosit, 15, 12, 4.00633
ComplexPosit, 15, 13, 3.95834
ComplexPosit, 15, 14, 3.96435
ComplexPosit, 15, 15, 0
ComplexPosit, 15, 16, 3.95513
ComplexPosit, 15, 17, 4.03401
ComplexPosit, 15, 18, 3.94886
ComplexPosit, 15, 19, 3.95947
ComplexPosit, 15, 20, 4.02477
ComplexPosit, 15, 21, 4.00655
ComplexPosit, 15, 22, 4.04175
ComplexPosit, 15, 23, 4.01596
ComplexPosit, 15, 24, 3.92985
ComplexPosit, 15, 25, 3.98909
ComplexPosit, 15, 26, 4.09487
ComplexPosit, 15, 27, 4.07287
ComplexPosit, 15, 28, 4.10936
ComplexPosit, 16, 0, 4.08265
ComplexPosit, 16, 1, 4.23171
ComplexPosit, 16, 2, 4.13826
ComplexPosit, 16, 3, 4.08928
ComplexPosit, 16, 4, 4.04224
ComplexPosit, 16, 5, 4.03598
ComplexPosit, 16, 6, 3.95271
ComplexPosit, 16, 7, 3.95905
ComplexPosit, 16, 8, 4.00458
ComplexPosit, 16, 9, 3.96781
ComplexPosit, 16, 10, 4.04734
ComplexPosit, 16, 11, 4.052
ComplexPosit, 16, 12, 3.9436
ComplexPosit, 16, 13, 4.02366
ComplexPosit, 16, 14, 3.98296
ComplexPosit, 16, 15, 3.92318
ComplexPosit, 16, 16, 0
ComplexPosit, 16, 17, 3.91467
ComplexPosit, 16, 18, 4.00116
ComplexPosit, 16, 19, 3.9387
ComplexPosit, 16, 20, 3.91312
ComplexPosit, 16, 21, 4.03913
ComplexPosit, 16, 22, 4.03602
ComplexPosit, 16, 23, 3.92318
ComplexPosit, 16, 24, 3.99258
ComplexPosit, 16, 25, 3.97999
ComplexPosit, 16, 26, 4.55565
ComplexPosit, 16, 27, 4.1591
ComplexPosit, 16, 28, 4.03635
ComplexPosit, 17, 0, 3.95145
ComplexPosit, 17, 1, 4.22922
ComplexPosit, 17, 2, 4.06719
ComplexPosit, 17, 3, 4.07482
ComplexPosit, 17, 4, 4.07056
ComplexPosit, 17, 5, 4.05837
ComplexPosit, 17, 6, 4.00173
ComplexPosit, 17, 7, 3.97266
ComplexPosit, 17, 8, 3.99775
ComplexPosit, 17, 9, 3.9935
ComplexPosit, 17, 10, 3.95404
ComplexPosit, 17, 11, 4.02129
ComplexPosit, 17, 12, 4.04587
ComplexPosit, 17, 13, 4.05518
ComplexPosit, 17, 14, 3.94426
ComplexPosit, 17, 15, 4.14895
ComplexPosit, 17, 16, 4.03589
ComplexPosit, 17, 17, 0
ComplexPosit, 17, 18, 3.95138
ComplexPosit, 17, 19, 3.95556
ComplexPosit, 17, 20, 3.94283
ComplexPosit, 17, 21, 3.94105
ComplexPosit, 17, 22, 4.05139
ComplexPosit, 17, 23, 4.05601
ComplexPosit, 17, 24, 4.08305
ComplexPosit, 17, 25, 3.99655
ComplexPosit, 17, 26, 4.21938
ComplexPosit, 17, 27, 4.13558
ComplexPosit, 17, 28, 4.12773
ComplexPosit, 18, 0, 4.10175
ComplexPosit, 18, 1, 4.19355
ComplexPosit, 18, 2, 4.01848
ComplexPosit, 18, 3, 4.02412
ComplexPosit, 18, 4, 4.04281
ComplexPosit, 18, 5, 4.04857
ComplexPosit, 18, 6, 4.0567
ComplexPosit, 18, 7, 4.24933
ComplexPosit, 18, 8, 3.93116
ComplexPosit, 18, 9, 3.93737
ComplexPosit, 18, 10, 3.88631
ComplexPosit, 18, 11, 3.93693
ComplexPosit, 18, 12, 3.96061
ComplexPosit, 18, 13, 4.03551
ComplexPosit, 18, 14, 4.03979
ComplexPosit, 18, 15, 4.0109
ComplexPosit, 18, 16, 4.05634
ComplexPosit, 18, 17, 3.93268
ComplexPosit, 18, 18, 0
ComplexPosit, 18, 19, 3.98069
ComplexPosit, 18, 20, 3.95964
ComplexPosit, 18, 21, 3.94897
ComplexPosit, 18, 22, 4.04791
ComplexPosit, 18, 23, 4.0783
ComplexPosit, 18, 24, 4.48392
ComplexPosit, 18, 25, 4.43824
ComplexPosit, 18, 26, 4.01448
ComplexPosit, 18, 27, 3.99766
ComplexPosit, 18, 28, 4.05212
ComplexPosit, 19, 0, 4.05336
ComplexPosit, 19, 1, 4.1874
ComplexPosit, 19, 2, 4.10467
ComplexPosit, 19, 3, 4.06469
ComplexPosit, 19, 4, 4.38835
ComplexPosit, 19, 5, 3.88101
ComplexPosit, 19, 6, 4.01253
ComplexPosit, 19, 7, 4.03883
ComplexPosit, 19, 8, 3.94293
ComplexPosit, 19, 9, 4.30894
ComplexPosit, 19, 10, 3.93889
ComplexPosit, 19, 11, 3.9118
ComplexPosit, 19, 12, 4.0136
ComplexPosit, 19, 13, 4.01087
ComplexPosit, 19, 14, 4.05026
ComplexPosit, 19, 15, 3.94166
ComplexPosit, 19, 16, 4.0489
ComplexPosit, 19, 17, 4.03116
ComplexPosit, 19, 18, 4.02767
ComplexPosit, 19, 19, 0
ComplexPosit, 19, 20, 3.93252
ComplexPosit, 19, 21, 3.97614
ComplexPosit, 19, 22, 3.91203
ComplexPosit, 19, 23, 3.93691
ComplexPosit, 19, 24, 4.05809
ComplexPosit, 19, 25, 4.03372
ComplexPosit, 19, 26, 4.24076
ComplexPosit, 19, 27, 4.13018
ComplexPosit, 19, 28, 4.09551
ComplexPosit, 20, 0, 3.98506
ComplexPosit, 20, 1, 4.21177
ComplexPosit, 20, 2, 4.14542
ComplexPosit, 20, 3, 4.08409
ComplexPosit, 20, 4, 3.95119
ComplexPosit, 20, 5, 4.01277
ComplexPosit, 20, 6, 3.91271
ComplexPosit, 20, 7, 3.93394
ComplexPosit, 20, 8, 4.03675
ComplexPosit, 20, 9, 3.98234
ComplexPosit, 20, 10, 4.05008
ComplexPosit, 20, 11, 3.9658
ComplexPosit, 20, 12, 4.17638
ComplexPosit, 20, 13, 4.06968
ComplexPosit, 20, 14, 3.89662
ComplexPosit, 20, 15, 3.92948
ComplexPosit, 20, 16, 4.04996
ComplexPosit, 20, 17, 4.04705
ComplexPosit, 20, 18, 4.03007
ComplexPosit, 20, 19, 4.0138
ComplexPosit, 20, 20, 0
ComplexPosit, 20, 21, 3.97955
ComplexPosit, 20, 22, 3.96255
ComplexPosit, 20, 23, 4.04441
ComplexPosit, 20, 24, 3.93429
ComplexPosit, 20, 25, 3.93949
ComplexPosit, 20, 26, 4.10394
ComplexPosit, 20, 27, 4.11748
ComplexPosit, 20, 28, 4.19151
ComplexPosit, 21, 0, 4.05409
ComplexPosit, 21, 1, 4.28371
ComplexPosit, 21, 2, 4.16715
ComplexPosit, 21, 3, 4.04757
ComplexPosit, 21, 4, 4.42128
ComplexPosit, 21, 5, 3.86364
ComplexPosit, 21, 6, 4.01788
ComplexPosit, 21, 7, 4.03562
ComplexPosit, 21, 8, 3.93234
ComplexPosit, 21, 9, 4.00871
ComplexPosit, 21, 10, 4.04847
ComplexPosit, 21, 11, 3.98198
ComplexPosit, 21, 12, 4.03101
ComplexPosit, 21, 13, 3.92852
ComplexPosit, 21, 14, 3.92021
ComplexPosit, 21, 15, 4.03864
ComplexPosit, 21, 16, 3.93833
ComplexPosit, 21, 17, 4.07125
ComplexPosit, 21, 18, 4.04893
ComplexPosit, 21, 19, 4.1024
ComplexPosit, 21, 20, 4.018
ComplexPosit, 21, 21, 0
ComplexPosit, 21, 22, 3.93345
ComplexPosit, 21, 23, 3.97064
ComplexPosit, 21, 24, 3.9513
ComplexPosit, 21, 25, 3.91928
ComplexPosit, 21, 26, 4.22578
ComplexPosit, 21, 27, 4.12764
ComplexPosit, 21, 28, 4.19069
ComplexPosit, 22, 0, 4.09409
ComplexPosit, 22, 1, 4.29769
ComplexPosit, 22, 2, 4.63264
ComplexPosit, 22, 3, 4.53143
ComplexPosit, 22, 4, 3.8733
ComplexPosit, 22, 5, 3.89895
ComplexPosit, 22, 6, 4.03007
ComplexPosit, 22, 7, 3.98827
ComplexPosit, 22, 8, 3.97881
ComplexPosit, 22, 9, 3.94567
ComplexPosit, 22, 10, 3.97358
ComplexPosit, 22, 11, 3.95803
ComplexPosit, 22, 12, 4.02399
ComplexPosit, 22, 13, 3.92519
ComplexPosit, 22, 14, 3.95764
ComplexPosit, 22, 15, 4.03998
ComplexPosit, 22, 16, 4.02642
ComplexPosit, 22, 17, 4.03965
ComplexPosit, 22, 18, 3.99224
ComplexPosit, 22, 19, 3.93879
ComplexPosit, 22, 20, 3.93888
ComplexPosit, 22, 21, 3.93056
ComplexPosit, 22, 22, 0
ComplexPosit, 22, 23, 3.95669
ComplexPosit, 22, 24, 3.93812
ComplexPosit, 22, 25, 4.0122
ComplexPosit, 22, 26, 4.1633
ComplexPosit, 22, 27, 4.21185
ComplexPosit, 22, 28, 4.2042
ComplexPosit, 23, 0, 4.08623
ComplexPosit, 23, 1, 4.23543
ComplexPosit, 23, 2, 4.12505
ComplexPosit, 23, 3, 4.01339
ComplexPosit, 23, 4, 3.98616
ComplexPosit, 23, 5, 3.96602
ComplexPosit, 23, 6, 3.95226
ComplexPosit, 23, 7, 4.07176
ComplexPosit, 23, 8, 4.06522
ComplexPosit, 23, 9, 4.09154
ComplexPosit, 23, 10, 4.06121
ComplexPosit, 23, 11, 4.00445
ComplexPosit, 23, 12, 4.04787
ComplexPosit, 23, 13, 3.9568
ComplexPosit, 23, 14, 3.92756
ComplexPosit, 23, 15, 4.00871
ComplexPosit, 23, 16, 4.03674
ComplexPosit, 23, 17, 3.93948
ComplexPosit, 23, 18, 3.99531
ComplexPosit, 23, 19, 4.04267
ComplexPosit, 23, 20, 4.05481
ComplexPosit, 23, 21, 4.05555
ComplexPosit, 23, 22, 4.02976
ComplexPosit, 23, 23, 0
ComplexPosit, 23, 24, 3.94963
ComplexPosit, 23, 25, 4.08408
ComplexPosit, 23, 26, 4.48556
ComplexPosit, 23, 27, 4.15953
ComplexPosit, 23, 28, 4.12031
ComplexPosit, 24, 0, 3.98762
ComplexPosit, 24, 1, 4.11726
ComplexPosit, 24, 2, 4.14445
ComplexPosit, 24, 3, 4.02361
ComplexPosit, 24, 4, 4.04366
ComplexPosit, 24, 5, 3.97539
ComplexPosit, 24, 6, 4.06136
ComplexPosit, 24, 7, 3.99802
ComplexPosit, 24, 8, 3.96793
ComplexPosit, 24, 9, 4.08214
ComplexPosit, 24, 10, 4.0879
ComplexPosit, 24, 11, 3.92638
ComplexPosit, 24, 12, 4.01657
ComplexPosit, 24, 13, 4.01137
ComplexPosit, 24, 14, 4.05403
ComplexPosit, 24, 15, 4.02681
ComplexPosit, 24, 16, 4.00722
ComplexPosit, 24, 17, 4.04706
ComplexPosit, 24, 18, 3.92472
ComplexPosit, 24, 19, 3.92942
ComplexPosit, 24, 20, 4.03654
ComplexPosit, 24, 21, 4.04695
ComplexPosit, 24, 22, 4.0458
ComplexPosit, 24, 23, 3.95409
ComplexPosit, 24, 24, 0
ComplexPosit, 24, 25, 3.96131
ComplexPosit, 24, 26, 4.58058
ComplexPosit, 24, 27, 4.65326
ComplexPosit, 24, 28, 4.09748
ComplexPosit, 25, 0, 4.03389
ComplexPosit, 25, 1, 4.36326
ComplexPosit, 25, 2, 4.11629
ComplexPosit, 25, 3, 4.04927
ComplexPosit, 25, 4, 3.94546
ComplexPosit, 25, 5, 3.98701
ComplexPosit, 25, 6, 4.04907
ComplexPosit, 25, 7, 4.05277
ComplexPosit, 25, 8, 4.06876
ComplexPosit, 25, 9, 4.38404
ComplexPosit, 25, 10, 3.97783
ComplexPosit, 25, 11, 3.9676
ComplexPosit, 25, 12, 4.02825
ComplexPosit, 25, 13, 4.05314
ComplexPosit, 25, 14, 3.94906
ComplexPosit, 25, 15, 3.94659
ComplexPosit, 25, 16, 3.96317
ComplexPosit, 25, 17, 3.93073
ComplexPosit, 25, 18, 3.92469
ComplexPosit, 25, 19, 4.07467
ComplexPosit, 25, 20, 3.96534
ComplexPosit, 25, 21, 3.95033
ComplexPosit, 25, 22, 4.05118
ComplexPosit, 25, 23, 4.1872
ComplexPosit, 25, 24, 4.04653
ComplexPosit, 25, 25, 0
ComplexPosit, 25, 26, 4.51501
ComplexPosit, 25, 27, 4.51872
ComplexPosit, 25, 28, 4.55033
ComplexPosit, 26, 0, 4.36498
ComplexPosit, 26, 1, 4.35884
ComplexPosit, 26, 2, 4.26965
ComplexPosit, 26, 3, 4.2347
ComplexPosit, 26, 4, 4.22533
ComplexPosit, 26, 5, 4.28912
ComplexPosit, 26, 6, 4.17312
ComplexPosit, 26, 7, 4.32384
ComplexPosit, 26, 8, 4.12658
ComplexPosit, 26, 9, 4.16759
ComplexPosit, 26, 10, 4.15472
ComplexPosit, 26, 11, 4.15546
ComplexPosit, 26, 12, 4.15935
ComplexPosit, 26, 13, 4.25835
ComplexPosit, 26, 14, 4.15083
ComplexPosit, 26, 15, 4.24906
ComplexPosit, 26, 16, 4.2464
ComplexPosit, 26, 17, 4.18575
ComplexPosit, 26, 18, 4.24073
ComplexPosit, 26, 19, 4.13867
ComplexPosit, 26, 20, 4.2283
ComplexPosit, 26, 21, 4.1257
ComplexPosit, 26, 22, 4.25449
ComplexPosit, 26, 23, 4.47018
ComplexPosit, 26, 24, 4.55532
ComplexPosit, 26, 25, 4.54562
ComplexPosit, 26, 26, 0
ComplexPosit, 26, 27, 4.53669
ComplexPosit, 26, 28, 4.60562
ComplexPosit, 27, 0, 4.35831
ComplexPosit, 27, 1, 4.31457
ComplexPosit, 27, 2, 4.20285
ComplexPosit, 27, 3, 4.33619
ComplexPosit, 27, 4, 4.15586
ComplexPosit, 27, 5, 4.16315
ComplexPosit, 27, 6, 4.15919
ComplexPosit, 27, 7, 4.16237
ComplexPosit, 27, 8, 4.12366
ComplexPosit, 27, 9, 4.14566
ComplexPosit, 27, 10, 4.21303
ComplexPosit, 27, 11, 4.14789
ComplexPosit, 27, 12, 4.23004
ComplexPosit, 27, 13, 4.22592
ComplexPosit, 27, 14, 4.20366
ComplexPosit, 27, 15, 4.13932
ComplexPosit, 27, 16, 4.19168
ComplexPosit, 27, 17, 4.20333
ComplexPosit, 27, 18, 4.14125
ComplexPosit, 27, 19, 4.14653
ComplexPosit, 27, 20, 4.08613
ComplexPosit, 27, 21, 4.20453
ComplexPosit, 27, 22, 4.17459
ComplexPosit, 27, 23, 4.17482
ComplexPosit, 27, 24, 4.59184
ComplexPosit, 27, 25, 4.52924
ComplexPosit, 27, 26, 4.5201
ComplexPosit, 27, 27, 0
ComplexPosit, 27, 28, 4.58365
ComplexPosit, 28, 0, 4.2419
ComplexPosit, 28, 1, 4.32924
ComplexPosit, 28, 2, 4.23571
ComplexPosit, 28, 3, 4.18752
ComplexPosit, 28, 4, 4.21939
ComplexPosit, 28, 5, 4.20513
ComplexPosit, 28, 6, 4.24882
ComplexPosit, 28, 7, 4.22055
ComplexPosit, 28, 8, 4.20447
ComplexPosit, 28, 9, 4.20016
ComplexPosit, 28, 10, 4.09733
ComplexPosit, 28, 11, 4.10069
ComplexPosit, 28, 12, 4.15932
ComplexPosit, 28, 13, 4.15625
ComplexPosit, 28, 14, 4.10409
ComplexPosit, 28, 15, 4.09828
ComplexPosit, 28, 16, 4.15539
ComplexPosit, 28, 17, 4.18775
ComplexPosit, 28, 18, 4.13124
ComplexPosit, 28, 19, 4.19164
ComplexPosit, 28, 20, 4.18571
ComplexPosit, 28, 21, 4.1719
ComplexPosit, 28, 22, 4.10067
ComplexPosit, 28, 23, 4.18625
ComplexPosit, 28, 24, 4.18151
ComplexPosit, 28, 25, 4.53922
ComplexPosit, 28, 26, 4.52875
ComplexPosit, 28, 27, 4.51138
ComplexPosit, 28, 28, 0